{"train_loss": [4.571645736694336, 3.499721050262451, 1.876723051071167, 1.0374208688735962, 0.6098040342330933, 0.4171551465988159, 0.3292044401168823, 0.2852702736854553, 0.25845640897750854, 0.23907890915870667, 0.2224065512418747, 0.207968607544899, 0.19442865252494812, 0.18141105771064758, 0.16917063295841217, 0.15566730499267578, 0.14388753473758698, 0.13222405314445496, 0.11979210376739502, 0.10812331736087799, 0.09665069729089737, 0.08661486953496933, 0.07801909744739532, 0.07105986028909683, 0.06521888822317123, 0.05939080938696861, 0.05439265817403793, 0.04944108426570892, 0.04532596468925476, 0.041374508291482925, 0.03784576430916786, 0.034119267016649246, 0.031258922070264816, 0.028310466557741165, 0.02578718774020672, 0.023468006402254105, 0.021414875984191895, 0.019544225186109543, 0.018072253093123436, 0.016839364543557167, 0.01570458710193634, 0.014752369374036789, 0.013842826709151268, 0.013040835037827492, 0.012342408299446106, 0.011724845506250858, 0.011110463179647923, 0.01048363372683525, 0.009938206523656845, 0.00946987234055996, 0.008996863849461079, 0.008596113882958889, 0.008183812722563744, 0.007779209408909082, 0.007464133203029633, 0.007096199318766594, 0.0067452602088451385, 0.00645544845610857, 0.006166636478155851, 0.005866061430424452, 0.005624462850391865, 0.00536010367795825, 0.005110182333737612, 0.004908675793558359, 0.004673662595450878, 0.004473002161830664, 0.004265919327735901, 0.0041013453155756, 0.0039084553718566895, 0.0037303047720342875, 0.0035692749079316854, 0.003404873190447688, 0.00327122351154685, 0.003121365560218692, 0.0029589245095849037, 0.0028420144226402044, 0.002722456818446517, 0.002598908729851246, 0.0024860622361302376, 0.0023847015108913183, 0.0022772999946027994, 0.0021697005722671747, 0.00207865540869534, 0.0019890868570655584, 0.00190225790720433, 0.0018079843139275908, 0.0017300932668149471, 0.0016589985461905599, 0.0015903821913525462, 0.0015166188823059201, 0.0014616047265008092, 0.0013966558035463095, 0.0013316202675923705, 0.0012706330744549632, 0.0012264065444469452, 0.0011595436371862888, 0.0011168612400069833, 0.0010615633800625801, 0.0010130224982276559, 0.0009757679072208703], "test_loss": [4.582653045654297, 4.508144855499268, 4.8194990158081055, 5.041873455047607, 5.256022930145264, 5.354896545410156, 5.370314121246338, 5.355772495269775, 5.3340535163879395, 5.301934719085693, 5.278454303741455, 5.247847557067871, 5.211523532867432, 5.165396690368652, 5.103119850158691, 5.003339767456055, 4.879776954650879, 4.689949035644531, 4.4514241218566895, 4.122922420501709, 3.720844268798828, 3.2736618518829346, 2.801558494567871, 2.341531753540039, 1.9262686967849731, 1.552175760269165, 1.2364215850830078, 0.9613314270973206, 0.732692301273346, 0.5497632026672363, 0.4078529477119446, 0.2961841821670532, 0.2141198217868805, 0.1515911966562271, 0.11011860519647598, 0.08052350580692291, 0.061200935393571854, 0.047371719032526016, 0.03794487565755844, 0.031576309353113174, 0.026818137615919113, 0.02338586002588272, 0.020909996703267097, 0.018896861001849174, 0.01748260296881199, 0.01630065031349659, 0.015104655176401138, 0.013960299082100391, 0.013197044841945171, 0.012450852431356907, 0.011720896698534489, 0.011186794377863407, 0.010544230230152607, 0.010065235197544098, 0.009641949087381363, 0.009136848151683807, 0.008635167963802814, 0.00831582210958004, 0.007874649949371815, 0.007507437374442816, 0.0071960315108299255, 0.006833912339061499, 0.006519884802401066, 0.006268160417675972, 0.005968577228486538, 0.005759815685451031, 0.005465478636324406, 0.005262102000415325, 0.005015174392610788, 0.004778985399752855, 0.004589172080159187, 0.004372305702418089, 0.004204758442938328, 0.004017534200102091, 0.0037899708840996027, 0.003639757866039872, 0.0035149340983480215, 0.0033515780232846737, 0.0032020185608416796, 0.0030843017157167196, 0.0029501146636903286, 0.0028114435262978077, 0.0026966158766299486, 0.0025697832461446524, 0.0024633477441966534, 0.0023435356561094522, 0.0022374740801751614, 0.002168460516259074, 0.0020648501813411713, 0.0019763517193496227, 0.001897255307994783, 0.0018207919783890247, 0.001733575132675469, 0.001663563190959394, 0.0015982154291123152, 0.0015102679608389735, 0.0014586100587621331, 0.0013931537978351116, 0.001326837227679789, 0.0012748267035931349], "train_acc": [0.012048192322254181, 0.3458540141582489, 0.6187101602554321, 0.8377037644386292, 0.9553508162498474, 0.9886605143547058, 0.9985825419425964, 0.9996456503868103, 1.0, 1.0, 1.0, 1.0, 1.0, 1.0, 1.0, 1.0, 1.0, 1.0, 1.0, 1.0, 1.0, 1.0, 1.0, 1.0, 1.0, 1.0, 1.0, 1.0, 1.0, 1.0, 1.0, 1.0, 1.0, 1.0, 1.0, 1.0, 1.0, 1.0, 1.0, 1.0, 1.0, 1.0, 1.0, 1.0, 1.0, 1.0, 1.0, 1.0, 1.0, 1.0, 1.0, 1.0, 1.0, 1.0, 1.0, 1.0, 1.0, 1.0, 1.0, 1.0, 1.0, 1.0, 1.0, 1.0, 1.0, 1.0, 1.0, 1.0, 1.0, 1.0, 1.0, 1.0, 1.0, 1.0, 1.0, 1.0, 1.0, 1.0, 1.0, 1.0, 1.0, 1.0, 1.0, 1.0, 1.0, 1.0, 1.0, 1.0, 1.0, 1.0, 1.0, 1.0, 1.0, 1.0, 1.0, 1.0, 1.0, 1.0, 1.0, 1.0], "test_acc": [0.008197966031730175, 0.06695005297660828, 0.15469865500926971, 0.24229542911052704, 0.2934568226337433, 0.30651283264160156, 0.3122817575931549, 0.312129944562912, 0.3131926655769348, 0.31349629163742065, 0.314710795879364, 0.3159253001213074, 0.3153180480003357, 0.3168361783027649, 0.31805071234703064, 0.319265216588974, 0.3207833468914032, 0.3241232633590698, 0.3311067223548889, 0.33778655529022217, 0.3511461913585663, 0.3675421178340912, 0.3982085883617401, 0.4355548918247223, 0.48975253105163574, 0.5585243701934814, 0.6426294445991516, 0.7235463857650757, 0.7989979982376099, 0.8742978572845459, 0.9257628917694092, 0.9584029316902161, 0.9814786911010742, 0.9921056628227234, 0.9983300566673279, 0.9996963739395142, 0.9996963739395142, 1.0, 1.0, 1.0, 1.0, 1.0, 1.0, 1.0, 1.0, 1.0, 1.0, 1.0, 1.0, 1.0, 1.0, 1.0, 1.0, 1.0, 1.0, 1.0, 1.0, 1.0, 1.0, 1.0, 1.0, 1.0, 1.0, 1.0, 1.0, 1.0, 1.0, 1.0, 1.0, 1.0, 1.0, 1.0, 1.0, 1.0, 1.0, 1.0, 1.0, 1.0, 1.0, 1.0, 1.0, 1.0, 1.0, 1.0, 1.0, 1.0, 1.0, 1.0, 1.0, 1.0, 1.0, 1.0, 1.0, 1.0, 1.0, 1.0, 1.0, 1.0, 1.0, 1.0], "epochs": [0, 100, 200, 300, 400, 500, 600, 700, 800, 900, 1000, 1100, 1200, 1300, 1400, 1500, 1600, 1700, 1800, 1900, 2000, 2100, 2200, 2300, 2400, 2500, 2600, 2700, 2800, 2900, 3000, 3100, 3200, 3300, 3400, 3500, 3600, 3700, 3800, 3900, 4000, 4100, 4200, 4300, 4400, 4500, 4600, 4700, 4800, 4900, 5000, 5100, 5200, 5300, 5400, 5500, 5600, 5700, 5800, 5900, 6000, 6100, 6200, 6300, 6400, 6500, 6600, 6700, 6800, 6900, 7000, 7100, 7200, 7300, 7400, 7500, 7600, 7700, 7800, 7900, 8000, 8100, 8200, 8300, 8400, 8500, 8600, 8700, 8800, 8900, 9000, 9100, 9200, 9300, 9400, 9500, 9600, 9700, 9800, 9900]}