{"train_loss": [4.576327323913574, 3.4363818168640137, 1.784904956817627, 0.96781986951828, 0.5609573125839233, 0.37590572237968445, 0.29404520988464355, 0.25086715817451477, 0.22419199347496033, 0.2032039612531662, 0.18705123662948608, 0.17250852286815643, 0.1583900898694992, 0.14598195254802704, 0.1324077546596527, 0.11921555548906326, 0.10663583874702454, 0.09522910416126251, 0.08466508239507675, 0.07531578093767166, 0.06774306297302246, 0.06078161299228668, 0.05526762083172798, 0.05027420073747635, 0.0456232987344265, 0.041154827922582626, 0.037367627024650574, 0.03401234373450279, 0.031010782346129417, 0.028352538123726845, 0.025936545804142952, 0.023906227201223373, 0.021852334961295128, 0.020114731043577194, 0.018603812903165817, 0.017300866544246674, 0.01609666645526886, 0.015222543850541115, 0.014323967508971691, 0.013525308109819889, 0.012768195942044258, 0.012151154689490795, 0.011491912417113781, 0.010951807722449303, 0.010358392260968685, 0.009848830290138721, 0.009391354396939278, 0.008934598416090012, 0.008519178256392479, 0.008073831908404827, 0.007755249738693237, 0.007374502718448639, 0.007014516741037369, 0.0066904714331030846, 0.006383315194398165, 0.006066781468689442, 0.005808215122669935, 0.005549533758312464, 0.00526079349219799, 0.005002693738788366, 0.004789121448993683, 0.004561520181596279, 0.0043395934626460075, 0.004139909520745277, 0.0039526838809251785, 0.0037530118133872747, 0.0035781271290034056, 0.003416054882109165, 0.0032508885487914085, 0.0030978936702013016, 0.002951872767880559, 0.0028040616307407618, 0.0026815489400178194, 0.0025523598305881023, 0.0024373657070100307, 0.002326811896637082, 0.0022261599078774452, 0.002132294699549675, 0.002035106299445033, 0.001943000010214746, 0.0018481917213648558, 0.001761961611919105, 0.0016796211712062359, 0.00162196543533355, 0.0015345064457505941, 0.001470391289331019, 0.0014047586591914296, 0.001347511773929, 0.00128017773386091, 0.0012333738850429654, 0.0011704660719260573, 0.0011224386980757117, 0.0010767742060124874, 0.001018804730847478, 0.0009781812550500035, 0.0009368160390295088, 0.0008952199714258313, 0.0008502137497998774, 0.0008198774885386229, 0.0007767188362777233], "test_loss": [4.581651210784912, 4.522883415222168, 4.891005039215088, 5.121243000030518, 5.280790328979492, 5.306610107421875, 5.259864807128906, 5.153593063354492, 5.025928020477295, 4.875546932220459, 4.715663909912109, 4.564300537109375, 4.4140753746032715, 4.252957344055176, 4.068110466003418, 3.8474700450897217, 3.565593719482422, 3.2348310947418213, 2.8607938289642334, 2.453810453414917, 2.0556764602661133, 1.6793067455291748, 1.3372689485549927, 1.0528109073638916, 0.8045987486839294, 0.6033301949501038, 0.44672897458076477, 0.32563552260398865, 0.23752157390117645, 0.1742982119321823, 0.12879112362861633, 0.09666413813829422, 0.07366687059402466, 0.05908834561705589, 0.046697672456502914, 0.0390106625854969, 0.03335122764110565, 0.028787633404135704, 0.025705449283123016, 0.023139985278248787, 0.02142302878201008, 0.019569097086787224, 0.017843136563897133, 0.016798662021756172, 0.015580911189317703, 0.014984321780502796, 0.013987737707793713, 0.013298945501446724, 0.01245902944356203, 0.011845768429338932, 0.011242385022342205, 0.010655032470822334, 0.010104957967996597, 0.009550306014716625, 0.009159771725535393, 0.008633547462522984, 0.008199726231396198, 0.007808431051671505, 0.007349436171352863, 0.006991829723119736, 0.006697848439216614, 0.006272442173212767, 0.00598378200083971, 0.005668110214173794, 0.005367944482713938, 0.005064168944954872, 0.004833501763641834, 0.004574027378112078, 0.004329236224293709, 0.004073916934430599, 0.0038838102482259274, 0.003654471831396222, 0.0035004783421754837, 0.0033078526612371206, 0.003130541183054447, 0.0029945774003863335, 0.0028486736118793488, 0.00271385395899415, 0.002584331203252077, 0.002455761656165123, 0.002332451054826379, 0.0022085823584347963, 0.0021148486994206905, 0.002062663435935974, 0.001931936014443636, 0.0018552036490291357, 0.001757038407959044, 0.0016802094178274274, 0.0016027158126235008, 0.001549731008708477, 0.0014603984309360385, 0.001410428318195045, 0.001352750463411212, 0.0012734776828438044, 0.0012272348394617438, 0.0011705901706591249, 0.0011224044719710946, 0.001059783506207168, 0.0010370470117777586, 0.0009636453469283879], "train_acc": [0.009213323704898357, 0.31502479314804077, 0.641034722328186, 0.8550673127174377, 0.9606661796569824, 0.9914953708648682, 0.9982281923294067, 1.0, 1.0, 1.0, 1.0, 1.0, 1.0, 1.0, 1.0, 1.0, 1.0, 1.0, 1.0, 1.0, 1.0, 1.0, 1.0, 1.0, 1.0, 1.0, 1.0, 1.0, 1.0, 1.0, 1.0, 1.0, 1.0, 1.0, 1.0, 1.0, 1.0, 1.0, 1.0, 1.0, 1.0, 1.0, 1.0, 1.0, 1.0, 1.0, 1.0, 1.0, 1.0, 1.0, 1.0, 1.0, 1.0, 1.0, 1.0, 1.0, 1.0, 1.0, 1.0, 1.0, 1.0, 1.0, 1.0, 1.0, 1.0, 1.0, 1.0, 1.0, 1.0, 1.0, 1.0, 1.0, 1.0, 1.0, 1.0, 1.0, 1.0, 1.0, 1.0, 1.0, 1.0, 1.0, 1.0, 1.0, 1.0, 1.0, 1.0, 1.0, 1.0, 1.0, 1.0, 1.0, 1.0, 1.0, 1.0, 1.0, 1.0, 1.0, 1.0, 1.0], "test_acc": [0.010323364287614822, 0.06269925832748413, 0.15591315925121307, 0.2444208264350891, 0.28844693303108215, 0.3034765422344208, 0.3054501414299011, 0.3069682717323303, 0.3084864020347595, 0.30879002809524536, 0.3128890097141266, 0.31562167406082153, 0.3201760947704315, 0.32199788093566895, 0.32731136679649353, 0.3371793031692505, 0.35099437832832336, 0.36966753005981445, 0.3959313929080963, 0.43373310565948486, 0.4800364375114441, 0.5437983870506287, 0.6228935718536377, 0.7000151872634888, 0.7854865789413452, 0.8536511063575745, 0.9081524014472961, 0.9429178833961487, 0.9706998467445374, 0.9852740168571472, 0.9933201670646667, 0.9986336827278137, 0.9989373087882996, 0.9992409348487854, 0.9998481869697571, 0.9998481869697571, 0.9998481869697571, 0.9998481869697571, 0.9998481869697571, 0.9998481869697571, 0.9998481869697571, 0.9998481869697571, 0.9998481869697571, 1.0, 1.0, 1.0, 1.0, 1.0, 1.0, 1.0, 1.0, 1.0, 1.0, 1.0, 1.0, 1.0, 1.0, 1.0, 1.0, 1.0, 1.0, 1.0, 1.0, 1.0, 1.0, 1.0, 1.0, 1.0, 1.0, 1.0, 1.0, 1.0, 1.0, 1.0, 1.0, 1.0, 1.0, 1.0, 1.0, 1.0, 1.0, 1.0, 1.0, 1.0, 1.0, 1.0, 1.0, 1.0, 1.0, 1.0, 1.0, 1.0, 1.0, 1.0, 1.0, 1.0, 1.0, 1.0, 1.0, 1.0], "epochs": [0, 100, 200, 300, 400, 500, 600, 700, 800, 900, 1000, 1100, 1200, 1300, 1400, 1500, 1600, 1700, 1800, 1900, 2000, 2100, 2200, 2300, 2400, 2500, 2600, 2700, 2800, 2900, 3000, 3100, 3200, 3300, 3400, 3500, 3600, 3700, 3800, 3900, 4000, 4100, 4200, 4300, 4400, 4500, 4600, 4700, 4800, 4900, 5000, 5100, 5200, 5300, 5400, 5500, 5600, 5700, 5800, 5900, 6000, 6100, 6200, 6300, 6400, 6500, 6600, 6700, 6800, 6900, 7000, 7100, 7200, 7300, 7400, 7500, 7600, 7700, 7800, 7900, 8000, 8100, 8200, 8300, 8400, 8500, 8600, 8700, 8800, 8900, 9000, 9100, 9200, 9300, 9400, 9500, 9600, 9700, 9800, 9900]}